ISO3,VACCINE_NAME,PRODUCT_NAME,COMPANY_NAME,AUTHORIZATION_DATE,START_DATE,END_DATE,COMMENT,DATA_SOURCE
SDN,Pfizer BioNTech - Comirnaty,Comirnaty,Pfizer BioNTech,2021-02-20,2021-03-09,,,REPORTING
SVN,Pfizer BioNTech - Comirnaty,Comirnaty,Pfizer BioNTech,,2020-12-21,,,REPORTING
PSE,Moderna - mRNA-1273,mRNA-1273,Moderna,,,,,REPORTING
IND,Bharat - Covaxin,Covaxin,Bharat Biotech,2021-01-03,2021-01-16,,,REPORTING
GHA,SII - Covishield,Covishield,Serum Institute of India,,2021-03-02,,,REPORTING
MNE,Beijing CNBG - Inactivated,Inactivated SARS-CoV-2 vaccine,Beijing Institute of Biological Products (CNBG),,2021-03-03,,,REPORTING
GBR,Moderna - mRNA-1273,mRNA-1273,Moderna,,2021-01-11,,,REPORTING
ISR,Pfizer BioNTech - Comirnaty,Comirnaty,Pfizer BioNTech,,2020-12-14,,,REPORTING
DJI,Beijing CNBG - Inactivated,Inactivated SARS-CoV-2 vaccine,Beijing Institute of Biological Products (CNBG),,,,,REPORTING
IMN,Pfizer BioNTech - Comirnaty,Comirnaty,Pfizer BioNTech,,,,,OWID
MLT,Moderna - mRNA-1273,mRNA-1273,Moderna,,2021-02-03,,,REPORTING
LBY,AstraZeneca - AZD1222,AZD1222,AstraZeneca,,,,,REPORTING
IRQ,Beijing CNBG - Inactivated,Inactivated SARS-CoV-2 vaccine,Beijing Institute of Biological Products (CNBG),,,,,REPORTING
FRA,Moderna - mRNA-1273,mRNA-1273,Moderna,,2021-02-15,,,REPORTING
SEN,Beijing CNBG - Inactivated,Inactivated SARS-CoV-2 vaccine,Beijing Institute of Biological Products (CNBG),,,,,OWID
ABW,Pfizer BioNTech - Comirnaty,Comirnaty,Pfizer BioNTech,,2021-02-17,,,REPORTING
RUS,Gamaleya - Sputnik V,Sputnik V,Gamaleya Research Institute,,,,,OWID
GNQ,Beijing CNBG - Inactivated,Inactivated SARS-CoV-2 vaccine,Beijing Institute of Biological Products (CNBG),,2021-02-12,,,REPORTING
GEO,AstraZeneca - AZD1222,AZD1222,AstraZeneca,,2021-03-17,,,REPORTING
NGA,SII - Covishield,Covishield,Serum Institute of India,,2021-03-06,,,REPORTING
RWA,Moderna - mRNA-1273,mRNA-1273,Moderna,,2021-02-15,,,REPORTING
GMB,SII - Covishield,Covishield,Serum Institute of India,,2021-03-10,,,REPORTING
BEL,AstraZeneca - AZD1222,AZD1222,AstraZeneca,,2021-02-01,,,REPORTING
NAM,Beijing CNBG - Inactivated,Inactivated SARS-CoV-2 vaccine,Beijing Institute of Biological Products (CNBG),,,,,OWID
FJI,AstraZeneca - AZD1222,AZD1222,AstraZeneca,,2021-03-10,,,REPORTING
SRB,Gamaleya - Sputnik V,Sputnik V,Gamaleya Research Institute,,,,,OWID
MWI,SII - Covishield,Covishield,Serum Institute of India,,2021-03-11,,,REPORTING
BEL,Moderna - mRNA-1273,mRNA-1273,Moderna,,2021-01-11,,,REPORTING
MKD,Gamaleya - Sputnik V,Sputnik V,Gamaleya Research Institute,,2021-03-10,,,REPORTING
YEM,SII - Covishield,Covishield,Serum Institute of India,,,,,REPORTING
LBY,Janssen - Ad26.COV 2.5,Ad26.COV 2.5,Janssen Pharmaceuticals,,,,,REPORTING
IRL,Pfizer BioNTech - Comirnaty,Comirnaty,Pfizer BioNTech,,2020-12-21,,,REPORTING
PAK,Beijing CNBG - Inactivated,Inactivated SARS-CoV-2 vaccine,Beijing Institute of Biological Products (CNBG),,,,,REPORTING
MSR,AstraZeneca - AZD1222,AZD1222,AstraZeneca,,2021-02-08,,,REPORTING
OMN,SII - Covishield,Covishield,Serum Institute of India,,,,,REPORTING
HUN,Moderna - mRNA-1273,mRNA-1273,Moderna,,2021-01-11,,,REPORTING
CYP,Moderna - mRNA-1273,mRNA-1273,Moderna,,2021-01-11,,,REPORTING
QAT,AstraZeneca - AZD1222,AZD1222,AstraZeneca,,,,,REPORTING
PER,Wuhan CNBG - Inactivated,Inactivated SARS-CoV-2 vaccine,Wuhan Institute of Biological Products (CNBG),2001-01-26,2021-02-09,,,REPORTING
IRL,AstraZeneca - AZD1222,AZD1222,AstraZeneca,,2021-02-01,,,REPORTING
IDN,SII - Covishield,Covishield,Serum Institute of India,,2021-03-23,,,REPORTING
AUS,AstraZeneca - AZD1222,AZD1222,AstraZeneca,,,,,OWID
EGY,Gamaleya - Sputnik V,Sputnik V,Gamaleya Research Institute,,,,,REPORTING
POL,AstraZeneca - AZD1222,AZD1222,AstraZeneca,,2020-12-21,,,REPORTING
ARE,Gamaleya - Sputnik V,Sputnik V,Gamaleya Research Institute,,,,,REPORTING
KOR,Pfizer BioNTech - Comirnaty,Comirnaty,Pfizer BioNTech,,,,,OWID
LUX,AstraZeneca - AZD1222,AZD1222,AstraZeneca,,2021-02-01,,,REPORTING
AFG,Pfizer BioNTech - Comirnaty,Comirnaty,Pfizer BioNTech,,,,,REPORTING
MAR,Beijing CNBG - Inactivated,Inactivated SARS-CoV-2 vaccine,Beijing Institute of Biological Products (CNBG),,,,,REPORTING
LBN,AstraZeneca - AZD1222,AZD1222,AstraZeneca,,,,,REPORTING
MNG,SII - Covishield,Covishield,Serum Institute of India,2021-01-10,2021-02-23,,,REPORTING
MEX,Gamaleya - Sputnik V,Sputnik V,Gamaleya Research Institute,,,,,REPORTING
ECU,Sinovac - CoronaVac,Coronavac,Sinovac,,,,,REPORTING
ALB,AstraZeneca - AZD1222,AZD1222,AstraZeneca,,2021-03-17,,,REPORTING
MHL,Pfizer BioNTech - Comirnaty,Comirnaty,Pfizer BioNTech,,2021-01-13,,,REPORTING
GRC,Pfizer BioNTech - Comirnaty,Comirnaty,Pfizer BioNTech,,2020-12-21,,,REPORTING
MNG,Beijing CNBG - Inactivated,Inactivated SARS-CoV-2 vaccine,Beijing Institute of Biological Products (CNBG),2021-01-10,2021-03-10,,,REPORTING
ISL,Pfizer BioNTech - Comirnaty,Comirnaty,Pfizer BioNTech,,2020-12-28,,,REPORTING
JPN,Moderna - mRNA-1273,mRNA-1273,Moderna,,,,,REPORTING
SGP,Moderna - mRNA-1273,mRNA-1273,Moderna,,,,,OWID
EST,Moderna - mRNA-1273,mRNA-1273,Moderna,,2021-01-18,,,REPORTING
MYS,AstraZeneca - AZD1222,AZD1222,AstraZeneca,2021-03-02,,,,REPORTING
FIN,AstraZeneca - AZD1222,AZD1222,AstraZeneca,,2020-12-21,,,REPORTING
SMR,Gamaleya - Sputnik V,Sputnik V,Gamaleya Research Institute,,2021-02-24,,,REPORTING
LVA,Moderna - mRNA-1273,mRNA-1273,Moderna,,2021-01-11,,,REPORTING
SUR,SII - Covishield,Covishield,Serum Institute of India,,2021-02-23,,,REPORTING
PHL,Sinovac - CoronaVac,Coronavac,Sinovac,2021-02-22,2021-03-01,,,REPORTING
SWE,AstraZeneca - AZD1222,AZD1222,AstraZeneca,,2021-02-08,,,REPORTING
SWE,Moderna - mRNA-1273,mRNA-1273,Moderna,,2021-01-11,,,REPORTING
NOR,Pfizer BioNTech - Comirnaty,Comirnaty,Pfizer BioNTech,,,,,OWID
SXM,Pfizer BioNTech - Comirnaty,Comirnaty,Pfizer BioNTech,,2021-02-22,,,REPORTING
FRO,Pfizer BioNTech - Comirnaty,Comirnaty,Pfizer BioNTech,,,,,OWID
LTU,Moderna - mRNA-1273,mRNA-1273,Moderna,,2020-12-21,,,REPORTING
LKA,SII - Covishield,Covishield,Serum Institute of India,2021-01-22,2021-01-29,,,REPORTING
USA,Pfizer BioNTech - Comirnaty,Comirnaty,Pfizer BioNTech,,2020-12-14,,,REPORTING
TUN,AstraZeneca - AZD1222,AZD1222,AstraZeneca,,,,,REPORTING
POL,Pfizer BioNTech - Comirnaty,Comirnaty,Pfizer BioNTech,,2020-12-21,,,REPORTING
MNG,AstraZeneca - AZD1222,AZD1222,AstraZeneca,2021-01-10,,,,REPORTING
GIN,Gamaleya - Sputnik V,Sputnik V,Gamaleya Research Institute,,,,,OWID
VEN,Beijing CNBG - Inactivated,Inactivated SARS-CoV-2 vaccine,Beijing Institute of Biological Products (CNBG),,2021-03-08,,,REPORTING
EGY,AstraZeneca - AZD1222,AZD1222,AstraZeneca,2020-12-30,2021-01-24,,,REPORTING
FIN,Moderna - mRNA-1273,mRNA-1273,Moderna,,2020-12-21,,,REPORTING
DMA,Beijing CNBG - Inactivated,Inactivated SARS-CoV-2 vaccine,Beijing Institute of Biological Products (CNBG),,,,,REPORTING
GRC,AstraZeneca - AZD1222,AZD1222,AstraZeneca,,2021-02-08,,,REPORTING
TGO,SII - Covishield,Covishield,Serum Institute of India,,2021-03-10,,,REPORTING
SLV,Pfizer BioNTech - Comirnaty,Comirnaty,Pfizer BioNTech,,2021-03-22,,,REPORTING
LAO,Beijing CNBG - Inactivated,Inactivated SARS-CoV-2 vaccine,Beijing Institute of Biological Products (CNBG),,2020-11-25,,,REPORTING
DEU,Moderna - mRNA-1273,mRNA-1273,Moderna,,2021-01-11,,,REPORTING
MDV,Beijing CNBG - Inactivated,Inactivated SARS-CoV-2 vaccine,Beijing Institute of Biological Products (CNBG),2021-03-17,2021-03-22,,,REPORTING
USA,Janssen - Ad26.COV 2.5,Ad26.COV 2.5,Janssen Pharmaceuticals,,,,,REPORTING
IMN,AstraZeneca - AZD1222,AZD1222,AstraZeneca,,,,,OWID
LBN,Pfizer BioNTech - Comirnaty,Comirnaty,Pfizer BioNTech,2021-12-16,2021-02-14,,,REPORTING
MLT,Pfizer BioNTech - Comirnaty,Comirnaty,Pfizer BioNTech,,2020-12-21,,,REPORTING
THA,Sinovac - CoronaVac,Coronavac,Sinovac,2021-02-22,2021-02-28,,,REPORTING
ESP,AstraZeneca - AZD1222,AZD1222,AstraZeneca,,2021-02-15,,,REPORTING
GUY,SII - Covishield,Covishield,Serum Institute of India,,2021-02-11,,,REPORTING
PHL,Gamaleya - Sputnik V,Sputnik V,Gamaleya Research Institute,2021-03-19,,,,REPORTING
LTU,Pfizer BioNTech - Comirnaty,Comirnaty,Pfizer BioNTech,,2020-12-21,,,REPORTING
HUN,Pfizer BioNTech - Comirnaty,Comirnaty,Pfizer BioNTech,,2020-12-21,,,REPORTING
MMR,SII - Covishield,Covishield,Serum Institute of India,2021-01-20,2021-01-27,,,REPORTING
FRO,Moderna - mRNA-1273,mRNA-1273,Moderna,,,,,OWID
SVN,Moderna - mRNA-1273,mRNA-1273,Moderna,,2021-01-04,,,REPORTING
NIC,Gamaleya - Sputnik V,Sputnik V,Gamaleya Research Institute,,2021-03-02,,,REPORTING
JPN,Pfizer BioNTech - Comirnaty,Comirnaty,Pfizer BioNTech,2021-02-14,2021-02-17,,,REPORTING
PRT,Pfizer BioNTech - Comirnaty,Comirnaty,Pfizer BioNTech,,2020-12-21,,,REPORTING
URY,Sinovac - CoronaVac,Coronavac,Sinovac,,2021-02-17,,,REPORTING
ROU,Pfizer BioNTech - Comirnaty,Comirnaty,Pfizer BioNTech,,2021-01-25,,,REPORTING
HUN,Gamaleya - Sputnik V,Sputnik V,Gamaleya Research Institute,,2020-12-28,,,REPORTING
CAN,Pfizer BioNTech - Comirnaty,Comirnaty,Pfizer BioNTech,,2020-12-14,,,REPORTING
CPV,Pfizer BioNTech - Comirnaty,Comirnaty,Pfizer BioNTech,,2021-03-18,,,REPORTING
JOR,Pfizer BioNTech - Comirnaty,Comirnaty,Pfizer BioNTech,2020-12-13,2021-01-13,,,REPORTING
ARG,Beijing CNBG - Inactivated,Inactivated SARS-CoV-2 vaccine,Beijing Institute of Biological Products (CNBG),,,,,REPORTING
VEN,Wuhan CNBG - Inactivated,Inactivated SARS-CoV-2 vaccine,Wuhan Institute of Biological Products (CNBG),,2021-03-08,,,REPORTING
ISR,Moderna - mRNA-1273,mRNA-1273,Moderna,,2021-03-03,,,REPORTING
BRN,AstraZeneca - AZD1222,AZD1222,AstraZeneca,,,,,REPORTING
BES,Pfizer BioNTech - Comirnaty,Comirnaty,Pfizer BioNTech,,,,,REPORTING
LCA,SII - Covishield,Covishield,Serum Institute of India,,2021-02-17,,,REPORTING
TUR,Sinovac - CoronaVac,Coronavac,Sinovac,,,,,OWID
IRN,AstraZeneca - AZD1222,AZD1222,AstraZeneca,2021-01-27,2021-02-09,,,REPORTING
MYS,Sinovac - CoronaVac,Coronavac,Sinovac,2021-03-02,2021-03-18,,,REPORTING
DJI,SII - Covishield,Covishield,Serum Institute of India,2021-02-22,2021-03-15,,,REPORTING
PHL,AstraZeneca - AZD1222,AZD1222,AstraZeneca,2021-01-28,2021-03-07,,,REPORTING
AND,Pfizer BioNTech - Comirnaty,Comirnaty,Pfizer BioNTech,,,,,OWID
GBR,Pfizer BioNTech - Comirnaty,Comirnaty,Pfizer BioNTech,,2020-12-21,,,REPORTING
JOR,Beijing CNBG - Inactivated,Inactivated SARS-CoV-2 vaccine,Beijing Institute of Biological Products (CNBG),,,,,REPORTING
QAT,Pfizer BioNTech - Comirnaty,Comirnaty,Pfizer BioNTech,,2020-12-23,,,REPORTING
MYS,Pfizer BioNTech - Comirnaty,Comirnaty,Pfizer BioNTech,2021-01-08,2021-02-24,,,REPORTING
BGR,Pfizer BioNTech - Comirnaty,Comirnaty,Pfizer BioNTech,,2020-12-21,,,REPORTING
JEY,Pfizer BioNTech - Comirnaty,Comirnaty,Pfizer BioNTech,,,,,OWID
NLD,Moderna - mRNA-1273,mRNA-1273,Moderna,,2021-01-11,,,REPORTING
GUY,Beijing CNBG - Inactivated,Inactivated SARS-CoV-2 vaccine,Beijing Institute of Biological Products (CNBG),,,,,REPORTING
JAM,SII - Covishield,Covishield,Serum Institute of India,,2021-03-10,,,REPORTING
GRL,Pfizer BioNTech - Comirnaty,Comirnaty,Pfizer BioNTech,,,,,OWID
IRL,Moderna - mRNA-1273,mRNA-1273,Moderna,,2021-01-11,,,REPORTING
CAN,SII - Covishield,Covishield,Serum Institute of India,,,,,REPORTING
CPV,SII - Covishield,Covishield,Serum Institute of India,,2021-03-18,,,REPORTING
ROU,Moderna - mRNA-1273,mRNA-1273,Moderna,,2021-01-25,,,REPORTING
LSO,SII - Covishield,Covishield,Serum Institute of India,,2021-03-10,,,REPORTING
OMN,Pfizer BioNTech - Comirnaty,Comirnaty,Pfizer BioNTech,2021-02-14,2020-12-29,,,REPORTING
LUX,Pfizer BioNTech - Comirnaty,Comirnaty,Pfizer BioNTech,,2020-12-21,,,REPORTING
AUT,AstraZeneca - AZD1222,AZD1222,AstraZeneca,,2020-12-28,,,REPORTING
MEX,Sinovac - CoronaVac,Coronavac,Sinovac,,,,,REPORTING
MUS,SII - Covishield,Covishield,Serum Institute of India,,2021-01-26,,,REPORTING
KWT,Beijing CNBG - Inactivated,Inactivated SARS-CoV-2 vaccine,Beijing Institute of Biological Products (CNBG),,,,,REPORTING
BHS,SII - Covishield,Covishield,Serum Institute of India,,2021-03-13,,,REPORTING
HUN,AstraZeneca - AZD1222,AZD1222,AstraZeneca,,2021-02-01,,,REPORTING
VEN,Gamaleya - Sputnik V,Sputnik V,Gamaleya Research Institute,,2021-02-18,,,REPORTING
MDV,SII - Covishield,Covishield,Serum Institute of India,2021-01-29,2021-02-01,,,REPORTING
IDN,Sinovac - CoronaVac,Coronavac,Sinovac,,2021-01-13,,,REPORTING
TCA,Pfizer BioNTech - Comirnaty,Comirnaty,Pfizer BioNTech,,2021-01-11,,,REPORTING
SVN,AstraZeneca - AZD1222,AZD1222,AstraZeneca,,2021-02-08,,,REPORTING
KAZ,Gamaleya - Sputnik V,Sputnik V,Gamaleya Research Institute,,2021-03-17,,,REPORTING
PSE,Beijing CNBG - Inactivated,Inactivated SARS-CoV-2 vaccine,Beijing Institute of Biological Products (CNBG),,,,,REPORTING
KEN,SII - Covishield,Covishield,Serum Institute of India,,2021-03-06,,,REPORTING
BOL,Gamaleya - Sputnik V,Sputnik V,Gamaleya Research Institute,,2021-01-30,,,REPORTING
CHE,Pfizer BioNTech - Comirnaty,Comirnaty,Pfizer BioNTech,,,,,OWID
VCT,AstraZeneca - AZD1222,AZD1222,AstraZeneca,,2021-02-15,,,REPORTING
ARG,Gamaleya - Sputnik V,Sputnik V,Gamaleya Research Institute,,2020-12-29,,,REPORTING
PHL,Beijing CNBG - Inactivated,Inactivated SARS-CoV-2 vaccine,Beijing Institute of Biological Products (CNBG),,,,,REPORTING
ITA,Pfizer BioNTech - Comirnaty,Comirnaty,Pfizer BioNTech,,2021-01-04,,,REPORTING
PLW,Moderna - mRNA-1273,mRNA-1273,Moderna,,2021-01-03,,,REPORTING
MOZ,Beijing CNBG - Inactivated,Inactivated SARS-CoV-2 vaccine,Beijing Institute of Biological Products (CNBG),,2021-03-15,,,REPORTING
NZL,Pfizer BioNTech - Comirnaty,Comirnaty,Pfizer BioNTech,,,,,OWID
LBY,Pfizer BioNTech - Comirnaty,Comirnaty,Pfizer BioNTech,,,,,REPORTING
COL,Sinovac - CoronaVac,Coronavac,Sinovac,,2021-02-22,,,REPORTING
BHR,Janssen - Ad26.COV 2.5,Ad26.COV 2.5,Janssen Pharmaceuticals,,,,,REPORTING
PSE,Pfizer BioNTech - Comirnaty,Comirnaty,Pfizer BioNTech,2021-01-25,2021-02-02,,,REPORTING
PRY,Beijing CNBG - Inactivated,Inactivated SARS-CoV-2 vaccine,Beijing Institute of Biological Products (CNBG),,,,,REPORTING
DEU,Pfizer BioNTech - Comirnaty,Comirnaty,Pfizer BioNTech,,2020-12-21,,,REPORTING
GGY,Pfizer BioNTech - Comirnaty,Comirnaty,Pfizer BioNTech,,,,,OWID
IRN,Beijing CNBG - Inactivated,Inactivated SARS-CoV-2 vaccine,Beijing Institute of Biological Products (CNBG),,,,,REPORTING
PAN,Pfizer BioNTech - Comirnaty,Comirnaty,Pfizer BioNTech,,2021-01-20,,,REPORTING
SYR,SII - Covishield,Covishield,Serum Institute of India,,,,,REPORTING
SWZ,SII - Covishield,Covishield,Serum Institute of India,,2021-03-16,,,REPORTING
HUN,Sinovac - CoronaVac,Coronavac,Sinovac,,2021-02-15,,,REPORTING
BLZ,SII - Covishield,Covishield,Serum Institute of India,,2021-03-01,,,REPORTING
JOR,Gamaleya - Sputnik V,Sputnik V,Gamaleya Research Institute,,,,,REPORTING
AUT,Pfizer BioNTech - Comirnaty,Comirnaty,Pfizer BioNTech,,2020-12-28,,,REPORTING
KNA,SII - Covishield,Covishield,Serum Institute of India,,2021-02-22,,,REPORTING
SAU,AstraZeneca - AZD1222,AZD1222,AstraZeneca,,,,,REPORTING
JPN,Novavax - Covavax,Covavax,Novavax,,,,,REPORTING
SWE,Pfizer BioNTech - Comirnaty,Comirnaty,Pfizer BioNTech,,2020-12-21,,,REPORTING
GTM,SII - Covishield,Covishield,Serum Institute of India,,2021-03-03,,,REPORTING
CRI,Pfizer BioNTech - Comirnaty,Comirnaty,Pfizer BioNTech,,,,,REPORTING
PRI,Pfizer BioNTech - Comirnaty,Comirnaty,Pfizer BioNTech,,,,,REPORTING
GBR,AstraZeneca - AZD1222,AZD1222,AstraZeneca,,2021-02-08,,,REPORTING
PRY,Gamaleya - Sputnik V,Sputnik V,Gamaleya Research Institute,,2021-02-22,,,REPORTING
POL,Moderna - mRNA-1273,mRNA-1273,Moderna,,2020-12-21,,,REPORTING
LBN,Beijing CNBG - Inactivated,Inactivated SARS-CoV-2 vaccine,Beijing Institute of Biological Products (CNBG),,,,,REPORTING
IRN,Gamaleya - Sputnik V,Sputnik V,Gamaleya Research Institute,,,,,REPORTING
ZAF,Janssen - Ad26.COV 2.5,Ad26.COV 2.5,Janssen Pharmaceuticals,,,,,OWID
HND,Moderna - mRNA-1273,mRNA-1273,Moderna,,2021-02-26,,,REPORTING
SVK,Moderna - mRNA-1273,mRNA-1273,Moderna,,2021-01-11,,,REPORTING
FRA,Pfizer BioNTech - Comirnaty,Comirnaty,Pfizer BioNTech,,2021-02-15,,,REPORTING
AUT,Moderna - mRNA-1273,mRNA-1273,Moderna,,2020-12-28,,,REPORTING
NPL,Bharat - Covaxin,Covaxin,Bharat Biotech,2021-03-19,,,,REPORTING
CHN,Beijing CNBG - Inactivated,Inactivated SARS-CoV-2 vaccine,Beijing Institute of Biological Products (CNBG),,,,,OWID
CHN,Wuhan CNBG - Inactivated,Inactivated SARS-CoV-2 vaccine,Wuhan Institute of Biological Products (CNBG),,,,,OWID
MEX,AstraZeneca - AZD1222,AZD1222,AstraZeneca,,,,,REPORTING
LVA,Pfizer BioNTech - Comirnaty,Comirnaty,Pfizer BioNTech,,2020-12-21,,,REPORTING
AFG,SII - Covishield,Covishield,Serum Institute of India,2021-02-23,2021-02-22,,,REPORTING
IRN,Bharat - Covaxin,Covaxin,Bharat Biotech,,,,,REPORTING
SAU,Moderna - mRNA-1273,mRNA-1273,Moderna,,,,,REPORTING
GRD,SII - Covishield,Covishield,Serum Institute of India,,2021-02-15,,,REPORTING
RWA,SII - Covishield,Covishield,Serum Institute of India,,2021-03-05,,,REPORTING
SLE,SII - Covishield,Covishield,Serum Institute of India,,2021-03-15,,,REPORTING
BLR,Gamaleya - Sputnik V,Sputnik V,Gamaleya Research Institute,,2021-02-01,,,REPORTING
MAR,Janssen - Ad26.COV 2.5,Ad26.COV 2.5,Janssen Pharmaceuticals,,,,,REPORTING
LIE,Pfizer BioNTech - Comirnaty,Comirnaty,Pfizer BioNTech,,2021-02-10,,,REPORTING
PAK,SII - Covishield,Covishield,Serum Institute of India,2021-01-20,2021-02-03,,,REPORTING
DEU,AstraZeneca - AZD1222,AZD1222,AstraZeneca,,2021-02-08,,,REPORTING
TUN,Gamaleya - Sputnik V,Sputnik V,Gamaleya Research Institute,,,,,REPORTING
SRB,AstraZeneca - AZD1222,AZD1222,AstraZeneca,,,,,OWID
PRY,Sinovac - CoronaVac,Coronavac,Sinovac,,,,,REPORTING
SGP,Pfizer BioNTech - Comirnaty,Comirnaty,Pfizer BioNTech,,,,,OWID
SRB,Beijing CNBG - Inactivated,Inactivated SARS-CoV-2 vaccine,Beijing Institute of Biological Products (CNBG),,,,,OWID
SHN,AstraZeneca - AZD1222,AZD1222,AstraZeneca,,,,,OWID
BRB,SII - Covishield,Covishield,Serum Institute of India,,2021-02-10,,,REPORTING
JOR,AstraZeneca - AZD1222,AZD1222,AstraZeneca,,,,,REPORTING
ARE,Beijing CNBG - Inactivated,Inactivated SARS-CoV-2 vaccine,Beijing Institute of Biological Products (CNBG),,,,,REPORTING
PER,Beijing CNBG - Inactivated,Inactivated SARS-CoV-2 vaccine,Beijing Institute of Biological Products (CNBG),,2021-02-09,,,REPORTING
IRQ,AstraZeneca - AZD1222,AZD1222,AstraZeneca,,,,,REPORTING
DNK,AstraZeneca - AZD1222,AZD1222,AstraZeneca,,2021-02-08,,,REPORTING
CAN,Moderna - mRNA-1273,mRNA-1273,Moderna,,,,,REPORTING
ISL,AstraZeneca - AZD1222,AZD1222,AstraZeneca,,2021-02-01,,,REPORTING
ARE,SII - Covishield,Covishield,Serum Institute of India,,,,,REPORTING
ARG,SII - Covishield,Covishield,Serum Institute of India,,,,,REPORTING
MDA,AstraZeneca - AZD1222,AZD1222,AstraZeneca,,2021-03-03,,,REPORTING
CYP,Pfizer BioNTech - Comirnaty,Comirnaty,Pfizer BioNTech,,2020-12-21,,,REPORTING
QAT,Moderna - mRNA-1273,mRNA-1273,Moderna,,,,,REPORTING
DOM,Sinovac - CoronaVac,Coronavac,Sinovac,,2021-02-24,,,REPORTING
LAO,Gamaleya - Sputnik V,Sputnik V,Gamaleya Research Institute,2021-02-03,2021-02-09,,,REPORTING
MAR,AstraZeneca - AZD1222,AZD1222,AstraZeneca,2021-01-06,2021-01-28,,,REPORTING
BRA,SII - Covishield,Covishield,Serum Institute of India,,2021-01-17,,,REPORTING
ATG,SII - Covishield,Covishield,Serum Institute of India,,2021-02-19,,,REPORTING
DMA,SII - Covishield,Covishield,Serum Institute of India,,2021-02-12,,,REPORTING
BGR,Moderna - mRNA-1273,mRNA-1273,Moderna,,2020-12-28,,,REPORTING
LIE,Moderna - mRNA-1273,mRNA-1273,Moderna,,2021-02-10,,,REPORTING
OMN,AstraZeneca - AZD1222,AZD1222,AstraZeneca,,,,,REPORTING
NLD,Pfizer BioNTech - Comirnaty,Comirnaty,Pfizer BioNTech,,2020-12-21,,,REPORTING
PHL,Pfizer BioNTech - Comirnaty,Comirnaty,Pfizer BioNTech,2021-01-14,,,,REPORTING
ESP,Pfizer BioNTech - Comirnaty,Comirnaty,Pfizer BioNTech,,2021-02-15,,,REPORTING
UGA,SII - Covishield,Covishield,Serum Institute of India,,2021-03-10,,,REPORTING
TTO,SII - Covishield,Covishield,Serum Institute of India,,2021-02-17,,,REPORTING
AIA,AstraZeneca - AZD1222,AZD1222,AstraZeneca,,2021-02-05,,,REPORTING
PAK,Gamaleya - Sputnik V,Sputnik V,Gamaleya Research Institute,,,,,REPORTING
LUX,Moderna - mRNA-1273,mRNA-1273,Moderna,,2021-01-11,,,REPORTING
PRY,AstraZeneca - AZD1222,AZD1222,AstraZeneca,,,,,REPORTING
ECU,Pfizer BioNTech - Comirnaty,Comirnaty,Pfizer BioNTech,,2021-01-21,,,REPORTING
CYP,AstraZeneca - AZD1222,AZD1222,AstraZeneca,,2021-02-08,,,REPORTING
LAO,SII - Covishield,Covishield,Serum Institute of India,2021-02-22,,,,REPORTING
ISL,Moderna - mRNA-1273,mRNA-1273,Moderna,,2021-01-11,,,REPORTING
BGR,AstraZeneca - AZD1222,AZD1222,AstraZeneca,,2021-02-01,,,REPORTING
IRQ,Gamaleya - Sputnik V,Sputnik V,Gamaleya Research Institute,,,,,REPORTING
PRT,Moderna - mRNA-1273,mRNA-1273,Moderna,,2021-01-11,,,REPORTING
FLK,AstraZeneca - AZD1222,AZD1222,AstraZeneca,,,,,OWID
LTU,AstraZeneca - AZD1222,AZD1222,AstraZeneca,,2021-02-08,,,REPORTING
BEL,Pfizer BioNTech - Comirnaty,Comirnaty,Pfizer BioNTech,,2020-12-28,,,REPORTING
AUS,Pfizer BioNTech - Comirnaty,Comirnaty,Pfizer BioNTech,,,,,OWID
SYC,Beijing CNBG - Inactivated,Inactivated SARS-CoV-2 vaccine,Beijing Institute of Biological Products (CNBG),,2021-01-10,,,REPORTING
JPN,AstraZeneca - AZD1222,AZD1222,AstraZeneca,,,,,REPORTING
AZE,Sinovac - CoronaVac,Coronavac,Sinovac,,2021-03-10,,,REPORTING
CUW,Pfizer BioNTech - Comirnaty,Comirnaty,Pfizer BioNTech,,2021-02-24,,,REPORTING
COL,Pfizer BioNTech - Comirnaty,Comirnaty,Pfizer BioNTech,,2021-02-17,,,REPORTING
KOR,AstraZeneca - AZD1222,AZD1222,AstraZeneca,,,,,OWID
VNM,AstraZeneca - AZD1222,AZD1222,AstraZeneca,2021-02-01,2021-03-08,,,REPORTING
MEX,Pfizer BioNTech - Comirnaty,Comirnaty,Pfizer BioNTech,,,,,REPORTING
BRA,Sinovac - CoronaVac,Coronavac,Sinovac,,2021-01-17,,,REPORTING
ESP,Moderna - mRNA-1273,mRNA-1273,Moderna,,2021-02-15,,,REPORTING
PAK,CanSino - Ad5-nCOV,Ad5-nCOV,CanSino Biologicals,,,,,REPORTING
BHR,Gamaleya - Sputnik V,Sputnik V,Gamaleya Research Institute,,,,,REPORTING
LBN,Gamaleya - Sputnik V,Sputnik V,Gamaleya Research Institute,,,,,REPORTING
CZE,Moderna - mRNA-1273,mRNA-1273,Moderna,,2021-01-13,,,REPORTING
AGO,SII - Covishield,Covishield,Serum Institute of India,,2021-03-04,,,REPORTING
KWT,Pfizer BioNTech - Comirnaty,Comirnaty,Pfizer BioNTech,2020-12-13,2020-12-28,,,REPORTING
LBY,Moderna - mRNA-1273,mRNA-1273,Moderna,,,,,REPORTING
ALB,Pfizer BioNTech - Comirnaty,Comirnaty,Pfizer BioNTech,,2021-01-11,,,REPORTING
HRV,AstraZeneca - AZD1222,AZD1222,AstraZeneca,,2021-02-08,,,REPORTING
GRC,Moderna - mRNA-1273,mRNA-1273,Moderna,,2021-01-11,,,REPORTING
PSE,Gamaleya - Sputnik V,Sputnik V,Gamaleya Research Institute,,,,,REPORTING
HRV,Moderna - mRNA-1273,mRNA-1273,Moderna,,2021-01-11,,,REPORTING
PNG,AstraZeneca - AZD1222,AZD1222,AstraZeneca,2021-03-18,2021-03-29,,,REPORTING
JEY,AstraZeneca - AZD1222,AZD1222,AstraZeneca,,,,,OWID
HRV,Pfizer BioNTech - Comirnaty,Comirnaty,Pfizer BioNTech,,2020-12-21,,,REPORTING
FRA,AstraZeneca - AZD1222,AZD1222,AstraZeneca,,2021-02-15,,,REPORTING
RUS,SRCVB - EpiVacCorona,EpiVacCorona,State Research Center of Virology & Biotechnology,,,,,OWID
EST,Pfizer BioNTech - Comirnaty,Comirnaty,Pfizer BioNTech,,2020-12-21,,,REPORTING
CZE,AstraZeneca - AZD1222,AZD1222,AstraZeneca,,2021-02-10,,,REPORTING
CHL,Pfizer BioNTech - Comirnaty,Comirnaty,Pfizer BioNTech,,2020-12-21,,,REPORTING
DJI,Gamaleya - Sputnik V,Sputnik V,Gamaleya Research Institute,,,,,REPORTING
BHR,SII - Covishield,Covishield,Serum Institute of India,,2020-12-25,,,REPORTING
UKR,Pfizer BioNTech - Comirnaty,Comirnaty,Pfizer BioNTech,,2021-02-08,,,REPORTING
CHN,Sinovac - CoronaVac,Coronavac,Sinovac,,,,,OWID
CZE,Pfizer BioNTech - Comirnaty,Comirnaty,Pfizer BioNTech,,2020-12-23,,,REPORTING
ITA,AstraZeneca - AZD1222,AZD1222,AstraZeneca,,2021-02-01,,,REPORTING
PSE,AstraZeneca - AZD1222,AZD1222,AstraZeneca,,,,,REPORTING
TLS,SII - Covishield,Covishield,Serum Institute of India,2021-02-23,,,,REPORTING
BTN,SII - Covishield,Covishield,Serum Institute of India,2021-01-21,,,,REPORTING
MKD,Pfizer BioNTech - Comirnaty,Comirnaty,Pfizer BioNTech,,2021-02-17,,,REPORTING
SOM,SII - Covishield,Covishield,Serum Institute of India,2021-02-22,2021-03-16,,,REPORTING
NOR,Moderna - mRNA-1273,mRNA-1273,Moderna,,,,,OWID
SYC,SII - Covishield,Covishield,Serum Institute of India,,2021-01-10,,,REPORTING
TUR,Pfizer BioNTech - Comirnaty,Comirnaty,Pfizer BioNTech,,,,,OWID
SAU,Pfizer BioNTech - Comirnaty,Comirnaty,Pfizer BioNTech,2020-12-10,2021-01-06,,,REPORTING
DOM,SII - Covishield,Covishield,Serum Institute of India,,2021-02-16,,,REPORTING
KWT,AstraZeneca - AZD1222,AZD1222,AstraZeneca,,,,,REPORTING
SRB,Pfizer BioNTech - Comirnaty,Comirnaty,Pfizer BioNTech,,,,,OWID
BHR,Beijing CNBG - Inactivated,Inactivated SARS-CoV-2 vaccine,Beijing Institute of Biological Products (CNBG),,,,,REPORTING
EST,AstraZeneca - AZD1222,AZD1222,AstraZeneca,,2021-02-15,,,REPORTING
DZA,Gamaleya - Sputnik V,Sputnik V,Gamaleya Research Institute,,,,,OWID
ITA,Moderna - mRNA-1273,mRNA-1273,Moderna,,2021-01-18,,,REPORTING
MAR,Gamaleya - Sputnik V,Sputnik V,Gamaleya Research Institute,,,,,REPORTING
IRQ,Pfizer BioNTech - Comirnaty,Comirnaty,Pfizer BioNTech,2020-12-29,2021-03-02,,,REPORTING
IND,SII - Covishield,Covishield,Serum Institute of India,2021-01-03,2021-01-16,,,REPORTING
NOR,AstraZeneca - AZD1222,AZD1222,AstraZeneca,,,,,OWID
TUN,Pfizer BioNTech - Comirnaty,Comirnaty,Pfizer BioNTech,2021-01-11,2021-03-13,,,REPORTING
MNG,Gamaleya - Sputnik V,Sputnik V,Gamaleya Research Institute,2021-02-06,,,,REPORTING
UKR,AstraZeneca - AZD1222,AZD1222,AstraZeneca,,2021-02-17,,,REPORTING
PER,Pfizer BioNTech - Comirnaty,Comirnaty,Pfizer BioNTech,,2021-03-08,,,REPORTING
STP,AstraZeneca - AZD1222,AZD1222,AstraZeneca,,2021-03-15,,,REPORTING
CHL,Sinovac - CoronaVac,Coronavac,Sinovac,,2021-02-03,,,REPORTING
NLD,AstraZeneca - AZD1222,AZD1222,AstraZeneca,,2021-02-01,,,REPORTING
GMB,Beijing CNBG - Inactivated,Inactivated SARS-CoV-2 vaccine,Beijing Institute of Biological Products (CNBG),,2021-03-10,,,REPORTING
BGD,SII - Covishield,Covishield,Serum Institute of India,2021-01-07,2021-01-27,,,REPORTING
DNK,Pfizer BioNTech - Comirnaty,Comirnaty,Pfizer BioNTech,,2020-12-28,,,REPORTING
EGY,Beijing CNBG - Inactivated,Inactivated SARS-CoV-2 vaccine,Beijing Institute of Biological Products (CNBG),,,,,REPORTING
PNG,SII - Covishield,Covishield,Serum Institute of India,2021-03-02,2021-05-19,,,REPORTING
GIB,Pfizer BioNTech - Comirnaty,Comirnaty,Pfizer BioNTech,,,,,OWID
MLT,AstraZeneca - AZD1222,AZD1222,AstraZeneca,,2021-02-10,,,REPORTING
CYM,Pfizer BioNTech - Comirnaty,Comirnaty,Pfizer BioNTech,,2021-01-15,,,REPORTING
ROU,AstraZeneca - AZD1222,AZD1222,AstraZeneca,,2021-02-08,,,REPORTING
CIV,SII - Covishield,Covishield,Serum Institute of India,,2021-02-13,,,REPORTING
KHM,Beijing CNBG - Inactivated,Inactivated SARS-CoV-2 vaccine,Beijing Institute of Biological Products (CNBG),2021-02-04,2021-02-10,,,REPORTING
MCO,Pfizer BioNTech - Comirnaty,Comirnaty,Pfizer BioNTech,,,,,OWID
PRT,AstraZeneca - AZD1222,AZD1222,AstraZeneca,,2021-02-01,,,REPORTING
SVK,Pfizer BioNTech - Comirnaty,Comirnaty,Pfizer BioNTech,,2021-01-04,,,REPORTING
SVK,AstraZeneca - AZD1222,AZD1222,AstraZeneca,,2021-02-08,,,REPORTING
BHR,Pfizer BioNTech - Comirnaty,Comirnaty,Pfizer BioNTech,,,,,REPORTING
ARE,AstraZeneca - AZD1222,AZD1222,AstraZeneca,,,,,REPORTING
FIN,Pfizer BioNTech - Comirnaty,Comirnaty,Pfizer BioNTech,,2020-12-21,,,REPORTING
HUN,Beijing CNBG - Inactivated,Inactivated SARS-CoV-2 vaccine,Beijing Institute of Biological Products (CNBG),,2021-02-17,,,REPORTING
VGB,AstraZeneca - AZD1222,AZD1222,AstraZeneca,,2021-02-11,,,REPORTING
MNE,Gamaleya - Sputnik V,Sputnik V,Gamaleya Research Institute,,2021-02-24,,,REPORTING
DNK,Moderna - mRNA-1273,mRNA-1273,Moderna,,2021-01-11,,,REPORTING
THA,Janssen - Ad26.COV 2.5,Ad26.COV 2.5,Janssen Pharmaceuticals,2021-03-25,,,,REPORTING
SLV,Sinovac - CoronaVac,Coronavac,Sinovac,,,,,REPORTING
SMR,Pfizer BioNTech - Comirnaty,Comirnaty,Pfizer BioNTech,,2021-03-03,,,REPORTING
ZWE,Beijing CNBG - Inactivated,Inactivated SARS-CoV-2 vaccine,Beijing Institute of Biological Products (CNBG),,,,,OWID
KHM,SII - Covishield,Covishield,Serum Institute of India,2021-02-21,2021-03-04,,,REPORTING
ARE,Pfizer BioNTech - Comirnaty,Comirnaty,Pfizer BioNTech,,2020-12-14,,,REPORTING
BMU,Pfizer BioNTech - Comirnaty,Comirnaty,Pfizer BioNTech,,2021-01-11,,,REPORTING
BOL,Beijing CNBG - Inactivated,Inactivated SARS-CoV-2 vaccine,Beijing Institute of Biological Products (CNBG),,,,,REPORTING
CHE,Moderna - mRNA-1273,mRNA-1273,Moderna,,,,,OWID
SDN,SII - Covishield,Covishield,Serum Institute of India,,,,,REPORTING
LVA,AstraZeneca - AZD1222,AZD1222,AstraZeneca,,2021-02-01,,,REPORTING
FSM,Pfizer BioNTech - Comirnaty,Comirnaty,Pfizer BioNTech,,2021-01-13,,,REPORTING
USA,Moderna - mRNA-1273,mRNA-1273,Moderna,,2020-12-21,,,REPORTING
SLV,AstraZeneca - AZD1222,AZD1222,AstraZeneca,,2021-02-17,,,REPORTING
NPL,SII - Covishield,Covishield,Serum Institute of India,2021-01-15,2021-01-27,,,REPORTING
HND,AstraZeneca - AZD1222,AZD1222,AstraZeneca,,2021-03-15,,,REPORTING
GTM,Moderna - mRNA-1273,mRNA-1273,Moderna,,2021-02-25,,,REPORTING
ETH,SII - Covishield,Covishield,Serum Institute of India,,2021-03-13,,,REPORTING
JOR,Janssen - Ad26.COV 2.5,Ad26.COV 2.5,Janssen Pharmaceuticals,,,,,REPORTING
MNG,Pfizer BioNTech - Comirnaty,Comirnaty,Pfizer BioNTech,2021-01-10,,,,REPORTING
